{"business_id": "vcNAWiLM4dR7D2nwwJ7nCA", "full_address": "4840 E Indian School Rd\nSte 101\nPhoenix, AZ 85018", "hours": {"Tuesday": {"close": "17:00", "open": "08:00"}, "Friday": {"close": "17:00", "open": "08:00"}, "Monday": {"close": "17:00", "open": "08:00"}, "Wednesday": {"close": "17:00", "open": "08:00"}, "Thursday": {"close": "17:00", "open": "08:00"}}, "open": true, "categories": ["Doctors", "Health & Medical"], "city": "Phoenix", "review_count": 9, "name": "Eric Goldberg, MD", "neighborhoods": [], "longitude": -111.98375799999999, "state": "AZ", "stars": 3.5, "latitude": 33.499313000000001, "attributes": {"By Appointment Only": true}, "type": "business"}
{"business_id": "UsFtqoBl7naz8AVUBZMjQQ", "full_address": "202 McClure St\nDravosburg, PA 15034", "hours": {}, "open": true, "categories": ["Nightlife"], "city": "Dravosburg", "review_count": 4, "name": "Clancy's Pub", "neighborhoods": [], "longitude": -79.886930000000007, "state": "PA", "stars": 3.5, "latitude": 40.350518999999998, "attributes": {"Happy Hour": true, "Accepts Credit Cards": true, "Good For Groups": true, "Outdoor Seating": false, "Price Range": 1}, "type": "business"}
{"business_id": "cE27W9VPgO88Qxe4ol6y_g", "full_address": "1530 Hamilton Rd\nBethel Park, PA 15234", "hours": {}, "open": false, "categories": ["Active Life", "Mini Golf", "Golf"], "city": "Bethel Park", "review_count": 5, "name": "Cool Springs Golf Center", "neighborhoods": [], "longitude": -80.015910000000005, "state": "PA", "stars": 2.5, "latitude": 40.356896200000001, "attributes": {"Good for Kids": true}, "type": "business"}
{"business_id": "HZdLhv6COCleJMo7nPl-RA", "full_address": "301 S Hills Vlg\nPittsburgh, PA 15241", "hours": {"Monday": {"close": "21:00", "open": "10:00"}, "Tuesday": {"close": "21:00", "open": "10:00"}, "Friday": {"close": "21:00", "open": "10:00"}, "Wednesday": {"close": "21:00", "open": "10:00"}, "Thursday": {"close": "21:00", "open": "10:00"}, "Sunday": {"close": "18:00", "open": "11:00"}, "Saturday": {"close": "21:00", "open": "10:00"}}, "open": true, "categories": ["Shopping", "Home Services", "Internet Service Providers", "Mobile Phones", "Professional Services", "Electronics"], "city": "Pittsburgh", "review_count": 3, "name": "Verizon Wireless", "neighborhoods": [], "longitude": -80.059979999999996, "state": "PA", "stars": 3.5, "latitude": 40.357619999999997, "attributes": {}, "type": "business"}
{"business_id": "mVHrayjG3uZ_RLHkLj-AMg", "full_address": "414 Hawkins Ave\nBraddock, PA 15104", "hours": {"Tuesday": {"close": "19:00", "open": "10:00"}, "Friday": {"close": "20:00", "open": "10:00"}, "Saturday": {"close": "16:00", "open": "10:00"}, "Thursday": {"close": "19:00", "open": "10:00"}, "Wednesday": {"close": "19:00", "open": "10:00"}}, "open": true, "categories": ["Bars", "American (New)", "Nightlife", "Lounges", "Restaurants"], "city": "Braddock", "review_count": 11, "name": "Emil's Lounge", "neighborhoods": [], "longitude": -79.866350699999998, "state": "PA", "stars": 4.5, "latitude": 40.408735, "attributes": {"Alcohol": "full_bar", "Noise Level": "average", "Has TV": true, "Attire": "casual", "Ambience": {"romantic": false, "intimate": false, "classy": false, "hipster": false, "divey": false, "touristy": false, "trendy": false, "upscale": false, "casual": false}, "Good for Kids": true, "Price Range": 1, "Good For Dancing": false, "Delivery": false, "Coat Check": false, "Smoking": "no", "Accepts Credit Cards": true, "Take-out": true, "Happy Hour": false, "Outdoor Seating": false, "Takes Reservations": false, "Waiter Service": true, "Wi-Fi": "no", "Caters": true, "Good For": {"dessert": false, "latenight": false, "lunch": false, "dinner": false, "breakfast": false, "brunch": false}, "Parking": {"garage": false, "street": false, "validated": false, "lot": false, "valet": false}, "Music": {"dj": false}, "Good For Groups": true}, "type": "business"}
{"business_id": "KayYbHCt-RkbGcPdGOThNg", "full_address": "141 Hawthorne St\nGreentree\nCarnegie, PA 15106", "hours": {}, "open": true, "categories": ["Bars", "American (Traditional)", "Nightlife", "Restaurants"], "city": "Carnegie", "review_count": 15, "name": "Alexion's Bar & Grill", "neighborhoods": ["Greentree"], "longitude": -80.067533999999995, "state": "PA", "stars": 4.0, "latitude": 40.415517000000001, "attributes": {"Alcohol": "full_bar", "Noise Level": "loud", "Has TV": true, "Attire": "casual", "Ambience": {"romantic": false, "intimate": false, "touristy": false, "hipster": false, "divey": false, "classy": false, "trendy": false, "upscale": false, "casual": true}, "Good for Kids": false, "Price Range": 1, "Good For Dancing": true, "Delivery": false, "Coat Check": false, "Smoking": "outdoor", "Accepts Credit Cards": true, "Take-out": true, "Happy Hour": true, "Outdoor Seating": true, "Takes Reservations": false, "Waiter Service": true, "Wi-Fi": "free", "Caters": false, "Good For": {"dessert": false, "latenight": false, "lunch": false, "dinner": true, "brunch": false, "breakfast": false}, "Parking": {"garage": false, "street": false, "validated": false, "lot": true, "valet": false}, "Music": {"dj": false}, "Good For Groups": true}, "type": "business"}
{"business_id": "b12U9TFESStdy7CsTtcOeg", "full_address": "718 Hope Hollow Rd\nCarnegie, PA 15106", "hours": {}, "open": true, "categories": ["Auto Repair", "Automotive"], "city": "Carnegie", "review_count": 5, "name": "Flynn's E W Tire Service Center", "neighborhoods": [], "longitude": -80.0844539, "state": "PA", "stars": 1.5, "latitude": 40.394587999999999, "attributes": {}, "type": "business"}
{"business_id": "Sktj1eHQFuVa-M4bgnEh8g", "full_address": "920 Forsythe Rd\nCarnegie\nCarnegie, PA 15106", "hours": {}, "open": true, "categories": ["Active Life", "Mini Golf"], "city": "Carnegie", "review_count": 4, "name": "Forsythe Miniature Golf & Snacks", "neighborhoods": ["Carnegie"], "longitude": -80.076266500000003, "state": "PA", "stars": 4.0, "latitude": 40.405403900000003, "attributes": {"Good for Kids": true}, "type": "business"}
{"business_id": "3ZVKmuK2l7uXPE6lXY4Dbg", "full_address": "8 Logan St\nCarnegie\nCarnegie, PA 15106", "hours": {}, "open": true, "categories": ["Home Services", "Contractors"], "city": "Carnegie", "review_count": 3, "name": "Quaker State Construction", "neighborhoods": ["Carnegie"], "longitude": -80.090356999999997, "state": "PA", "stars": 2.5, "latitude": 40.406323999999998, "attributes": {}, "type": "business"}
{"business_id": "wJr6kSA5dchdgOdwH6dZ2w", "full_address": "2100 Washington Pike\nCarnegie, PA 15106", "hours": {"Monday": {"close": "02:00", "open": "08:00"}, "Tuesday": {"close": "02:00", "open": "08:00"}, "Friday": {"close": "02:00", "open": "08:00"}, "Wednesday": {"close": "02:00", "open": "08:00"}, "Thursday": {"close": "02:00", "open": "08:00"}, "Sunday": {"close": "02:00", "open": "08:00"}, "Saturday": {"close": "02:00", "open": "08:00"}}, "open": true, "categories": ["Burgers", "Breakfast & Brunch", "American (Traditional)", "Restaurants"], "city": "Carnegie", "review_count": 8, "name": "Kings Family Restaurant", "neighborhoods": [], "longitude": -80.092874499999994, "state": "PA", "stars": 3.5, "latitude": 40.387732300000003, "attributes": {"Take-out": true, "Drive-Thru": false, "Good For": {"dessert": false, "latenight": false, "lunch": false, "dinner": false, "brunch": false, "breakfast": false}, "Takes Reservations": false, "Delivery": false, "Parking": {"garage": false, "street": false, "validated": false, "lot": false, "valet": false}, "Wheelchair Accessible": true, "Outdoor Seating": false, "Attire": "casual", "Alcohol": "none", "Waiter Service": true, "Accepts Credit Cards": true, "Good for Kids": true, "Good For Groups": true, "Price Range": 1}, "type": "business"}
{"business_id": "yXuao0pFz1AxB21vJjDf5w", "full_address": "2100 Washington Pike\nCarnegie, PA 15106", "hours": {}, "open": true, "categories": ["Food", "Grocery"], "city": "Carnegie", "review_count": 3, "name": "Shop N'save", "neighborhoods": [], "longitude": -80.092874499999994, "state": "PA", "stars": 3.5, "latitude": 40.387732300000003, "attributes": {"Parking": {"garage": false, "street": false, "validated": false, "lot": true, "valet": false}, "Accepts Credit Cards": true, "Wheelchair Accessible": true, "Price Range": 3}, "type": "business"}
{"business_id": "fNGIbpazjTRdXgwRY_NIXA", "full_address": "1201 Washington Ave\nCarnegie, PA 15106", "hours": {}, "open": true, "categories": ["Bars", "American (Traditional)", "Nightlife", "Lounges", "Restaurants"], "city": "Carnegie", "review_count": 5, "name": "Rocky's Lounge", "neighborhoods": [], "longitude": -80.084941599999993, "state": "PA", "stars": 4.0, "latitude": 40.396468800000001, "attributes": {"Alcohol": "full_bar", "Noise Level": "average", "Music": {"dj": false, "background_music": true, "karaoke": false, "live": false, "video": false, "jukebox": false}, "Attire": "casual", "Ambience": {"romantic": false, "intimate": false, "touristy": false, "hipster": false, "divey": false, "classy": false, "trendy": false, "upscale": false, "casual": false}, "Good for Kids": true, "Wheelchair Accessible": false, "Good For Dancing": false, "Delivery": false, "Coat Check": false, "Smoking": "no", "Accepts Credit Cards": true, "Take-out": false, "Price Range": 2, "Outdoor Seating": false, "Takes Reservations": false, "Waiter Service": true, "Caters": false, "Good For": {"dessert": false, "latenight": false, "lunch": false, "dinner": false, "brunch": false, "breakfast": false}, "Parking": {"garage": false, "street": false, "validated": false, "lot": false, "valet": false}, "Has TV": true, "Good For Groups": true}, "type": "business"}
{"business_id": "b9WZJp5L1RZr4F1nxclOoQ", "full_address": "1073 Washington Ave\nCarnegie, PA 15106", "hours": {"Monday": {"close": "14:30", "open": "06:00"}, "Tuesday": {"close": "14:30", "open": "06:00"}, "Friday": {"close": "14:30", "open": "06:00"}, "Wednesday": {"close": "14:30", "open": "06:00"}, "Thursday": {"close": "14:30", "open": "06:00"}, "Sunday": {"close": "12:30", "open": "07:00"}, "Saturday": {"close": "12:30", "open": "06:00"}}, "open": true, "categories": ["Breakfast & Brunch", "Restaurants"], "city": "Carnegie", "review_count": 38, "name": "Gab & Eat", "neighborhoods": [], "longitude": -80.084799799999999, "state": "PA", "stars": 4.5, "latitude": 40.396744099999999, "attributes": {"Alcohol": "none", "Noise Level": "average", "Has TV": true, "Attire": "casual", "Ambience": {"romantic": false, "intimate": false, "classy": false, "hipster": false, "divey": true, "touristy": false, "trendy": false, "upscale": false, "casual": true}, "Good for Kids": true, "Wheelchair Accessible": false, "Delivery": false, "Caters": true, "BYOB": false, "Corkage": false, "Accepts Credit Cards": false, "BYOB/Corkage": "yes_free", "Take-out": true, "Price Range": 1, "Outdoor Seating": false, "Takes Reservations": false, "Waiter Service": true, "Wi-Fi": "no", "Order at Counter": true, "Good For": {"dessert": false, "latenight": false, "lunch": false, "dinner": false, "brunch": false, "breakfast": true}, "Parking": {"garage": false, "street": false, "validated": false, "lot": true, "valet": false}, "Good For Kids": true, "Good For Groups": false}, "type": "business"}
{"business_id": "zaXDakTd3RXyOa7sMrUE1g", "full_address": "202 3rd Ave\nCarnegie\nCarnegie, PA 15106", "hours": {}, "open": true, "categories": ["Cafes", "Restaurants"], "city": "Carnegie", "review_count": 5, "name": "Barb's Country Junction Cafe", "neighborhoods": ["Carnegie"], "longitude": -80.089984999999999, "state": "PA", "stars": 4.0, "latitude": 40.404637999999998, "attributes": {"Take-out": true, "Good For": {"dessert": false, "latenight": false, "lunch": false, "dinner": false, "breakfast": false, "brunch": true}, "Noise Level": "average", "Takes Reservations": false, "Delivery": false, "Ambience": {"romantic": false, "intimate": false, "touristy": false, "hipster": false, "divey": false, "classy": false, "trendy": false, "upscale": false, "casual": false}, "Parking": {"garage": false, "street": false, "validated": false, "lot": false, "valet": false}, "Has TV": false, "Outdoor Seating": false, "Attire": "casual", "Alcohol": "none", "Waiter Service": true, "Accepts Credit Cards": true, "Good for Kids": true, "Good For Groups": true, "Price Range": 1}, "type": "business"}
{"business_id": "zgy27FSnvwdINfk5cXBIyQ", "full_address": "520 North Bell Avenue\nCarnegie\nCarnegie, PA 15106", "hours": {"Monday": {"close": "00:00", "open": "00:00"}, "Tuesday": {"close": "00:00", "open": "00:00"}, "Friday": {"close": "00:00", "open": "00:00"}, "Wednesday": {"close": "00:00", "open": "00:00"}, "Thursday": {"close": "00:00", "open": "00:00"}, "Sunday": {"close": "00:00", "open": "00:00"}, "Saturday": {"close": "00:00", "open": "00:00"}}, "open": true, "categories": ["Hotels & Travel", "Event Planning & Services", "Hotels"], "city": "Carnegie", "review_count": 5, "name": "Extended Stay America - Pittsburgh - Carnegie", "neighborhoods": ["Carnegie"], "longitude": -80.088556999999994, "state": "PA", "stars": 4.0, "latitude": 40.417419000000002, "attributes": {"Accepts Credit Cards": true, "Wi-Fi": "free", "Price Range": 2}, "type": "business"}
{"business_id": "WETE_LykpcnrC1sFcQ5EGg", "full_address": "215 E Main St\nCarnegie\nCarnegie, PA 15106", "hours": {}, "open": false, "categories": ["Pubs", "Irish", "Nightlife", "Bars", "Restaurants"], "city": "Carnegie", "review_count": 6, "name": "Paddy's Pour House", "neighborhoods": ["Carnegie"], "longitude": -80.085279, "state": "PA", "stars": 3.5, "latitude": 40.408670000000001, "attributes": {"Coat Check": false, "Take-out": true, "Good For": {"dessert": false, "latenight": true, "lunch": false, "dinner": true, "brunch": false, "breakfast": false}, "Good For Dancing": false, "Noise Level": "average", "Takes Reservations": false, "Has TV": true, "Delivery": false, "Ambience": {"romantic": false, "intimate": false, "touristy": false, "hipster": false, "divey": false, "classy": false, "trendy": false, "upscale": false, "casual": false}, "Parking": {"garage": false, "street": true, "validated": false, "lot": false, "valet": false}, "Music": {"dj": false, "background_music": false, "jukebox": false, "live": true, "video": false, "karaoke": false}, "Outdoor Seating": true, "Attire": "casual", "Alcohol": "full_bar", "Waiter Service": true, "Accepts Credit Cards": true, "Good for Kids": false, "Good For Groups": true, "Price Range": 2}, "type": "business"}
{"business_id": "6o3RK6rTcN3nw-j-r2nQmA", "full_address": "231 E Main St\nCarnegie\nCarnegie, PA 15106", "hours": {}, "open": true, "categories": [], "city": "Carnegie", "review_count": 4, "name": "Porto Fino Pizzaria & Gyro", "neighborhoods": ["Carnegie"], "longitude": -80.084992400000004, "state": "PA", "stars": 2.5, "latitude": 40.408567699999999, "attributes": {}, "type": "business"}
{"business_id": "woOVJ0Z2f6XNCDntHA3b_g", "full_address": "117 E Mall Plz\nCarnegie\nCarnegie, PA 15106", "hours": {"Monday": {"close": "19:00", "open": "08:30"}, "Tuesday": {"close": "19:00", "open": "08:30"}, "Friday": {"close": "19:00", "open": "08:30"}, "Wednesday": {"close": "19:00", "open": "08:30"}, "Thursday": {"close": "19:00", "open": "08:30"}, "Saturday": {"close": "18:30", "open": "08:30"}}, "open": true, "categories": ["Local Services", "Sewing & Alterations"], "city": "Carnegie", "review_count": 5, "name": "Alteration World", "neighborhoods": ["Carnegie"], "longitude": -80.086060000000003, "state": "PA", "stars": 5.0, "latitude": 40.407888900000003, "attributes": {"Accepts Credit Cards": false}, "type": "business"}
{"business_id": "rv7CY8G_XibTx82YhuqQRw", "full_address": "Raceway Plz\nCarnegie, PA 15106", "hours": {}, "open": true, "categories": ["Restaurants"], "city": "Carnegie", "review_count": 3, "name": "Long John Silver's", "neighborhoods": [], "longitude": -80.093703700000006, "state": "PA", "stars": 3.5, "latitude": 40.386891499999997, "attributes": {"Take-out": true, "Wi-Fi": "no", "Alcohol": "none", "Caters": false, "Noise Level": "average", "Takes Reservations": false, "Has TV": false, "Delivery": false, "Parking": {"garage": false, "street": false, "validated": false, "lot": false, "valet": false}, "Wheelchair Accessible": true, "Outdoor Seating": false, "Attire": "casual", "Ambience": {"romantic": false, "intimate": false, "classy": false, "hipster": false, "divey": false, "touristy": false, "trendy": false, "upscale": false, "casual": false}, "Waiter Service": false, "Accepts Credit Cards": true, "Good for Kids": true, "Good For Groups": true, "Price Range": 1}, "type": "business"}
{"business_id": "e_U_FnpdKVgNb4mUN2cU_Q", "full_address": "2323 Greentree Rd\nCarnegie, PA 15106", "hours": {}, "open": true, "categories": ["Health & Medical", "Dentists", "General Dentistry"], "city": "Carnegie", "review_count": 6, "name": "Weinberg Lisa, DMD", "neighborhoods": [], "longitude": -80.078657000000007, "state": "PA", "stars": 2.0, "latitude": 40.39076, "attributes": {"By Appointment Only": true}, "type": "business"}