{"yelping_since": "2005-06", "votes": {"funny": 2001, "useful": 3757, "cool": 3021}, "review_count": 754, "name": "Megan", "user_id": "Rir-YRPPClKXDFQbc3BsVw", "friends": ["rpOyqD_893cqmDAtJLbdog", "4U9kSBLuBDU391x6bxU-YA", "8J4IIYcqBlFch8T90N923A", "UTS9XcT14H2ZscRIf0MYHQ", "z_5D4XEIlGAPjG3Os9ix5A", "nVaK1WgYHxP5JUUK6j2klg", "i63u3SdbrLsP4FxiSKP0Zw", "r5uiIxwJ-I-oHBkNY2Ha3Q", "to_f6i12zq8Z8emrEWgbIw", "CYJnkecyF1DOXVFvBeFmtA", "uguXfIEpI65jSCH5MgUDgA", "AZ8CTtwr-4sGM2kZqF6qig", "uGmQ6ab4iVpWn5m61VFhkQ", "GJYJX4SujVj3BR8v2F9PDQ", "3shjifK-vZkIHciyy_KbYA", "sZ729BtsKvND46foxDKBrg", "erzVZkeAaVu3DBJ5LPDMqw", "B9pKfr27czBbCoAIircZdQ", "wj-UBmM6p-TkfD4Xg_zY7A", "5gd-Gwp6jtUz6aTM9IUzLQ", "UDIR9Aojno4FzqYfOuwunQ", "mA-JeZ5IaTQfKzNAeCYUoQ", "lxZSVeJz6KEBW1nlA3JKJg", "zTWH9b_ItSdLOK9ypeFOIw", "pePGMO6EbDpbaZ7D2m6HIg", "7XN48QedHYtVOqxt1caUow", "7uxXuCcpw9-mUS3OJVw8aQ", "1ADzO1AOjVDuByLzaX3pgg", "p64irD26M0-tgKj0z1jgKw", "CM0saLQmk4oAB17UmQTV-g", "frbTjEK2hRGxiORJvjE0KA", "frz1uzgKdxjOt8bWZCMmVQ", "mzL87ERGHol0bs1n41sgug", "ooUmNFLAC2rdAsiX7tif6w", "S6sAyi61H7ecAj6qfNMKNQ", "4GPgiXMKMU8LK1dudPnukA", "86QK3RNE2Xm6-V3HbuRmyw", "OMWT-Z6OnJLcg44lCuDuhw", "IHzg3K2CKuejadh6D6u-yA", "pW91HUnVz6ssLZ4dY-ztyQ", "ojQYtstkGXtcryk5I9GTYA", "n0vqc-DbRK84XOLKHp5wjw", "kxkSjuIHutMTS88y1-b_Ew", "YA6LcxRxXEyMN-jpFSBarA", "w6Vv-kldGpmvSGqXvTbAdQ", "XPyJ4v4AL5JGuRpXycwDDQ", "NZeCINmoOJ8vsQvYkZAp9w", "hfdh6M4M8cOqG4McE1aoYA", "_Rleq48cZwvLSeBubxKA9w", "LroJKi7_BWqDT7lbHvt6kg", "1--cOFkdo345uvepQwfGEA", "zojEUtESP5mH7t4WcPzVKw", "A8KWAsOPA625SIu2GNf-hw", "7PRhmBmHesqZxvCln3-bpg", "RXgbdp05m0T2zzbmsQgjEA", "P-lfV8cdAgEOZJkw2dJpsw", "36CYHxqSj5iOzTiSFqw3yw", "9H-Xsn5sHtYU-4cA8bj7uQ", "wxuIXe9jCIwloEwuNsnVvQ", "MfSPSNoF2iWWt7ZdCA8T8Q", "A_O8wZOsMTPwyeYA4-Rsow", "eKp8EQxdGN4uSK50upW24w", "Qex4D0QFujoWcVuII696EA", "Hae5PobwGfRtiOSQeEFefA", "ARe8Nr_YehB2ubsGJhZ-hg", "-ETxy7f37BBQXhw5zJfkrQ", "-4OUnNTAdvgV4tHdsARcvw", "BDx8yOOvNE5UWs_xsIOXwA", "49pqdhT4su49QnwmXNdyIA", "9a4W-3anHjCB28F7fAG0eg", "YyPncV7fwWflne10BiCf6Q", "gN3nMZKzYqvxqaJYL4mYWw", "YKppbE7ogNmbtVrluxEF4A", "fT8GrpBLiV1ylLb3VbRssw", "eVV99D3EZvkuswIvIySKiw", "Q3RQV0AF5bo6JAbfRsCPCg", "CJ82REwM54nVZK7jioOz-g", "t3j5X8JA6ejG8NEmjNuImg", "wpcoiQNbO5x0xkZwKFVUFw", "Ot-QjYpIdVsluuxcqidjkA", "E3C_gEhktux9Ca-Z2fmNTw", "HpuonncxvaKSixI3bM5Ofw", "uiL0cZ-P_SVwH1_ZWMyJ3A", "YX-O9N2rg1DNH-IbyD1GLw", "yhItkzQHpAZAvUQob9r2Tw", "z9QVdtpdSEmKAnM2PhJU9w", "tn5AIW1NVjTI4oNdrpqwiA", "SZyGHe0uUKA_14v25oY6gQ", "9U0tXUDnamRp_uTNDOM1XQ", "63pSCvCFCPWB6AubeLmm9g", "iGC1lFvv6ZLyoNPFExwulg", "As_oVE27fiE-0CbDJwUDiA", "94LstF5_K2VQln8SD5c_rA", "Fno8YF3k_Hm1Wyd-pxplHg", "maVd8QhXBoI5EtnLMDmt6A", "OwcvQW8hbLjcU8eW-1xCIw", "MiQJCyM9jXQ0auPjGqP8iA", "wILX8NcMdXBuJOknbS--dA", "hdiP9tJVVZT8COx43ThHPQ", "PIkbLtQwfbgNCsInmoUlhw", "BuaNITlWZwJskEhBbz-H6w", "qbfQRHLvZk5WSkKY0l_lMw", "EQqzESi6Cwyb8f1KIt5SIw", "2Uvg2mHtpZFhutkneUFi-w", "Z8DyUMojRhFbLyHBymM_rA", "e-t3dRzH9bmsanmhYgSiVQ", "z1hdJoIUO4Nj-qR_lG4bgg", "MvK8X8_gmsuyHGoPpJ38yA", "aGcs4KXNgCNG04lZj47IUQ", "LjlrZcceysZvCsy2kCMLtQ", "E9JBw3ztKUjs9A1sf7a5AA", "75fZ6ezn9le3xW4utoDGlQ", "77s2qg6JOqXy69stUku6ew", "WTvD6w7arH4S74rAlefC9A", "Ue3hmkbr-pVaiqiCnxInQg", "wXSuaCgQYrDaY5LKhMrGnw", "yrmKPxEyzOY3Q9aNPdBfLw", "9e0RmCcDIKcIH2uigb8-HA", "jgmEXZ6WFGMxLTQyWLe4hQ", "tA2suyZG_qWIuNB_HR-YRA", "Mg1xq4FKqR0PJd2jJ1emhg", "C3edE64xBOfWC6HJbxRJxQ", "W9Ycd0_sNtZkc8pvNy0haw", "bt-gdWbQZHES2oolbDvYvw", "8Aj-FTMyftiaLE7B9cxXJw", "Zgz-Z2L86DZr5jki19gD-Q", "NMKADwkprjoc1nc8AuEAgg", "kK_7sujaYWCjI33gZeNuyQ", "5T8SdBwiH0jdwatUJ7KFUg", "3bG8x3azIxTSETk74KP9dQ", "OMB8Y_DOaB21vCXa-cruwg", "r6usm4GcaZbuB1iIbkJzSg", "aqF1Bq-5aqbUGy-9pGgJgQ", "mgSV1kuLQ_mkFlX95gIDIA", "faoGu7ngJ2t4I9DO5cxG_w", "h1_DdGZ6QpfzIZJIq9l8BQ", "362cIkFRui9KKvea0FQ8FQ", "aXXZEPqHOHzvPHhhxA2BeQ", "pfNUePA0t25FNpeBQw05ZA", "Fwa5al0fEEnxznO7b7lkIw", "OOsX3aWAR8QnykOMKgCWmQ", "Z7nr-LLKaPG7bwKuk1PWVQ", "uePTLkka-CXvuoIk1d1Ucw", "sA_CXaSoa0Jpk69wIFbhEg", "aPQuGzqs4D8my3K0vXjb8Q", "VgLOTHYkRwGUh7Lb-bTRzA", "NUeLSLukiPPCSK6EVdUo_Q", "rtqRJgysX8pO8tGZ1EHSEw", "SYmyRMx9bLrib3OjYk5Bvw", "oC65YT5_3LHx2PyU4aMnEw", "QQU5fa1nzxZPbcLSVZvlKw", "94N07GeXPUyC8baIz0l3UA", "SPawZYYtADxkpJZ-qlbiUw", "DrKQzBFAvxhyjLgbPSW2Qw", "DH3X4Qj14nIsdeHMFf4xSw", "R-2GWjkuiCyFojQZ5cmvIw", "SwqhvXTAVUrGMxQBlyn8vQ", "cBTnPJMb-9RH3EJHz3X3Aw", "41I0iX130fvnmNVJq5d-Ug", "gZrhBF90vlBvBycEvN9OgA", "1IR9ITHjLbSIHm2KzkWxHg", "NAa2P3lcceh6JgKQlj3Qaw", "BSI42r_Q2NmDeYU-rf12nA", "rQCNS1qKNnzTvyuNPFYWHA", "upEc_4-9Sxts9X9yUURRBw", "at9rwt_tidIDDHfFeLFF8w", "C3xoIPpa7O6pjX9rZOaeHA", "23zYCcnqfru5jdxnTqjgDg", "Bf6RD-vvJEIEz60I4TDY8A", "Y3ULh95EVuT5NlPt3TkhQg", "9QJJ7YBacqcpzNE3Yo9n5A", "A69Q7QPRXs4rvbbpuDsm6g", "0hGYv1gDlpTSvyIh2Z0ZOg", "gOsppOXgtB8S7Cmsqc8Skg", "4Hx3TBSKs24K1YhSamFA5g", "_kOKwnIguM9eOUrDg76AIg", "hgdH-Hpg-BDFH1ot8cqHPg", "ISlxUJvC5mTr1cqy-ZZ3Bw", "DEq2574ho2PP_bnXuHIlnQ", "2juA5i-PD376XXI703DKpA", "B0LyEx_dntI4rkcL6n5MXQ", "qya0Oh7ZccTY7hOuVt1QHw", "pNnguaxvDGA-gwoOJ5_WDQ", "zV7uC4ejOHw_87HU-dVPXw", "j71lD0BgYWxOK5TAncpb-Q", "oiyCfSHLvdj0d1fPMnz2Rw", "RCVctvd9OWd2PDRIipIM5A", "xpMHUEbvHet50XDg98fJOQ", "TH6IZjVCtyDKCNDIg255_g", "p4Jg_rO_AsCWZGMd_w8xjw", "IIWtH1LHdfWDtIKYgdrrrA", "2UvJGgOSh_23EigLUDbc-g", "Y7CLCx9zWb8UzZKaIb7QmA", "MTVsyoL3dajP7VS4iuLP4Q", "Xqd0DzHaiyRqVH3WRG7hzg", "hzaqnSxfRYv_Wbp6CMKtQw", "VFTd1QaNvVVucagkq8ZJAw", "uw1GRshwVGssjXcKvbrOmg", "0w7JnJGWHHfw9faMQ6ZDTg", "QSOxBR5Um9_fQvd-0tBwIw", "-8o-xNB3QOmV_iGNGJulkw", "wiE8owjhxXYpOxCcYKhbiA", "7u4J3l42DPIK6ghUu7fs5A", "NhbV8AbaQiKNzEU11cbxcQ", "JlnKeShIp_CEyH4-uhvzgg", "2AM1xS7E5afxdmFWqgzK-Q", "QfTtgJ6bc6m3uI2YTktLBw", "Qe1l1ln6bf_pcWUUuLswFA", "gx6DN-VPiyoogBxBdMIntg", "SMHDizdKuRSXVjL2lsHlTQ", "ttpwWJ9fOohzKEyxLObyjQ", "Lguc49SvWDTmXOXU20NoGg", "ifD7o8Mi67yNYwgWL5CbKg", "sU9pCk9IvfZtMd0AmrRhvg", "kzBwHWrKuKbY1TBpnGma9A", "Lywb9PASCu1qy4_UiA1UCg", "d-T5TghtiYD_7rfk9Px-TA", "w9zYp1SMBdONC7CwhvlyFQ", "AaZdXn0I6F5bdIVwGpxdDA", "NeDABAWKa3427SsUCqUhSQ", "NfUlZqJUaOMCzlo-8hLP4Q", "igrgFZl9wDohSem0UyoP6A", "__AzEBHrVp19B5RQUUg0vQ", "A-10oCwm2KwKmpnciAyr-Q", "Q-aRdn8ELjHqqJCK3_ScSw", "cPniOhttQK-AzISCrN_EnQ", "wnMpC24F86lc-KD8SP4V2w", "zi0kxtr5gq0Flg7jYdIlMA", "-CSDClefKs6APlBhuLJcsw", "bGe1j0Py2E58cIrbHUFx2Q", "LdjjwHSHCeqSvm7a73wmXA", "H8LqQbVlFPaOtH7diZpx1A", "2Oui6Vn4PRKEhDscKhYcwg", "YAZw7-e9ee6FJur6JvT2mg", "DzVKlwlnqwSSiGGzLmAp_g", "pTmXoPqa-nkfdve-S_p0hQ", "KjSzDIMOpQ0ge4tIZGNVFQ", "oYqYLF9f8TWkSZQUCgV_-A", "e8ypzeVlRpgia6w-k0T1DQ", "SjocZ3uwUAKl-vBZ0UYmuw", "Ut4KWM8SOfo9VnFIQcibdg", "vpOcRjnY4CqXXk03wSMelg", "uSebha4egjEuOl5HpomwDA", "hTFx1QsTEOROPN8ZHU4PYQ", "gxXKlDRlifyusrZa8sg_UQ", "lSKVBKBEuerplJjrRVI9pA", "ns3I-EZGGIHbZZDJR-DR3A", "szLodDvllHAwYqkUVopqHA", "JTRxzA1AZ8Zfwj7FpH2CnA", "AixLPxra_4HirfchjPkiWA", "2FVrWp8Hg06X4yLvThpT3w", "_hyY8DGw9kNpdXLVSn8OeA", "PbfQqOxvBmZb4mEtuz2XlQ", "2YHVTrs6EY7Me9NwxiQVpQ", "F9T6m1YdRFreyKDufcyoOQ", "kGgAARL2UmvCcTRfiscjug", "r5vDrlFu45VK6kW4vyuvMg", "miNCSxncLEbwJb0GVKq6ow", "dXICQD50hHXFWIunC-g6BQ", "1UJbOl-jKNIUjroeC4xWxg", "amntG45rOi2AdRyy8Csvgw", "eUVEH9RpMjl1wxVXvVyB9A", "T4yM00HmwlhJ7L89rMapYA", "8yw04cJYgMsauhIRxEMl7A", "BcQDCTo2BOKPIKutkYo5oA", "4kx_erzJM44BzxOr22HJ0g", "EFg-ew3x8j2XPJn4e5t45g", "Zlc8A2wNrqrAMudJ27_H6Q", "VMKhjcUyFCI2vgGTooF7-Q", "SFVflk7n0ASb6eulF1Y5xw", "koYomf67VzeDv1OapN1w4Q", "Lw2ix3qoY7V15se33597Zg", "KMXEK4UY49LXjxMzcEKqrw", "Nfb4LgCBpYpkND1LulV0wg", "lbPAX99CXTnT3Bi283CK8A", "qLXN7ia1PJ8xgAP6JODBIg", "3AIZkvXQaThvVODrL8jEeA", "3ME7i3sP1hzPHXprCeOVJw", "qO63u4FzJDDdF15GwJRF-Q", "qmCupRHmC9whGIi4p6FetA", "xQZbEDE9MP6cMrOLk36B7w", "C8ZTiwa7qWoPSMIivTeSfw", "1mhU7-f_5j54fn7LYYcwyw", "PV_sPEmiu4_exr65jkyImA", "bLjKUuAvdx7wbp6arixUfg", "wF7_-zf7R8Rri7Kq-a0tlw", "ZJ-HbsXL91pbj8M1sPCx5g", "oWtgdbz9Fe6_9qqMPGbPRQ", "hFrGxQr2QP0FHFHDapGn2Q", "o1rDDXSgnQuu-zdm5_ymrA", "JamU8W3AjMIqoQIkFsHaXw", "aowt6Q8OCARWtA7KzluLaw", "DeDbrQoUrERgqikQeb3Fbw", "ofK-4Zroelz0y_CsePsQWQ", "mAuBHENS_DeFCQqrJC_UxA", "0ZY6rM7Fm9AbHfG40HCLfw", "p7vAihNeH2EjGkG8H2mkng", "wHYKaygSoyAYaVIlXo1dyg", "ZvrGlqBvtkHz0Hx69mReKA", "Q5dlLCEni_my05az9wIptg", "kuEKOd7JEnDun43SUsjJ7w", "mpm2NngNAJkl5srF5A3oQA", "2rlBbFPHyZjXSFSE8r551w", "FQu3mapbAYn2um8NzXQ5RQ", "87J2TO0RTTffgBp3H4lggQ", "ZElK1Mokb8frc6wKR1Jrbw", "I01EeNgRX-bqd0tbfL44vQ", "iNtFIh46snM9CTYGnrX1Eg", "CaG0Ur7ed5IQer4V27kOlw", "qbHF2_b2KtHaiQvua86xZg", "zVofROQx2VaYC9-oKsaXMw", "b8xpSLdPJt_lfyMazxv1wg", "wmsri9X3YHJCur1uJkfh4g", "nELVJlkX8T0mUAArSPSJxw", "MPksDrnZFt17O0AIdG4VWg", "O7tZGs25EfdkcZdhPlwKHw", "ZKSavEt4mmUJyT2E7Tf7rw", "CFukCdl_RG-rnM_2RGSFSw", "deRpkqu-J8cooLsmQw-54g", "TWMRSMOnRvLSLg67cUqpAA", "76XolePTRKXrpJnPsIv6aw", "YwAh79IW7G12u0sJGyhTqg", "mFOZOsPQOacWIMVSyXbEbg", "qK6_sysqplVrEkq-MxkpTw", "iP1yKSifG4v_UMYvLts_gg", "v1aMvm9MHUo0HUMsVxfjmw", "tYZiZCuww1DMyDj4cDgddw", "bKpxIIVBFY3keKfHJIdezQ", "-ANkfLbDf8aiBQ7vywIL6w", "u2lanPBcORxbwJzsEbAExg", "nKoB5cWZHXYUIUcQsUDogA", "6vZJ9oncdC8ntHu6QZXMEw", "A0puRx8MGQsnk8uXtpw4hg", "sqYN3lNgvPbPCTRsMFu27g", "hcEdpGrJQpwgj54ixGtIUQ", "iTexnSKDALtsyhpmmlrYxA", "KUNoGIzy0ZllnTZmV8ylew", "9-sEeFm3cPXrQNO5HHKurA", "mZRZ0GZtIRhR-nwln_ySrw", "8E0DGec8LNn6oDmPHmj-mg", "GxDZb-UFUvYkBz4QqhbU6g", "pIm17SVRo8IdhGoBD4qbnA", "mYxMRCYTRg21H5I1m-vCHQ", "s8Om9oHMk8xb_psgxTNeRA", "7SVxpEnu760QstKGa3x2Mw", "OHA413ngP41R5y5E4a_JoQ", "Hf028RLB7jDOfxASZgIslw", "fczQCSmaWF78toLEmb0Zsw", "jIDhZ23eeUzFGPOxgxG3Qw", "Hyhmpb3UnbjtSEXvgviCow", "WeX6UjZSTeMfFBQGDfu1jw", "IuX_Y6DsYhulobzG7mCHCA", "UXST7YBgVqHAdt3ZcIGWPg", "uiMTavYKLw9hxskV4xB2tg", "bnVjfyPIsh1dQ8iC1zXNkw", "Y18NNVgFaJq0HdzA1YktyA", "Yj46nSyhCR3B0BsVzoETgw", "_Ex1lXvejGpwn-PklsOUkw", "Go3UGk4VrSvactI09vGdmg", "ZelgtMHabyx66zcr_RV-sQ", "LdrGYCwF8-mc272RdBQSaw", "2lqJKIs_fO1xN7Peprn6VQ", "OVG1HS7A_oxJYuXLzbvVAQ", "8VlvzNAIdWGkPpK1lX5EzQ", "y2zwsT-arc0H2rR5yKR2XQ", "vjU0uDNyPTUVVF7RX_yaRA", "sDiYlRaXhP8qJfCV7dS0sg", "Qkym7yEvAzaeBH0gZGLyWw", "Bac62aWE3Hzyle7VqzSySA", "0Ypfll3kJiL5OrxBBat_Qw", "sqrV5h_d103X9UYpXysWWQ", "TFIoDbN7hpihqEfkx3JZyg", "h2lZY6mojN2ENQdU9qazGA", "cc32R3hFVXp4H9hl6oRdKg", "h_IuHfAeOzE8KT5FT04PVA", "CJCvh6WSLd4Rx-VnQGsSuw", "awbr0LJhM4bPQSDa2F2r7A", "S8ZY1HEDoECqKrIUY34JOg", "euadoc7gbju3zFjB37x3Cw", "XKLij9pS5uJZUSuhIHsFmg", "7BxCbqvDiBLvNXljOXngJw", "0bNXP9quoJEgyVZu9ipGgQ", "fxuBX97oTIrsKBx4-bSvvQ", "kvf_2TZjBFBzBQGJ5qMIfw", "TfKEsDQwSpwlizzKP8kcEQ", "ug1y9Ub9VYWCBO88210NZA", "0Uxo5P2_9OMj7fTxQ9fCwA", "b8e5TaZj2fnd_U7RtZCYAA", "p37o9VT_K3Bg4nCep31RFQ", "JT5kM6wRwh7cNt8IAuX_sw", "y7NxB1I19YIxTSeZLfk6PA", "kIzFOhJUf8Ch6NL6GTFXIg", "DJtAXYV4ObaxcDWAtvCfUQ", "I3QDSkHyHUd3wlmRUb0eyg", "nfNch-WQPzubm8DR4-S-1Q", "nuiihZMgVJ68J_lvUujr4Q", "2nM6phE0Emudtw-feBLWtg", "VVRdmMIXZC6OJNtxscJjew", "PMNbT3Y8KDt7E979AJMyng", "LJ3nfy4DLLfLy6wA8-64Qg", "Xj7S-uW_l0WrjSG6TMTvcA", "l0JQw7qCGGfQeH0a8TE_nA", "gxoqD1Y9lRs2CFZMUvxbxw", "DWMBbdPudh0CzlolTjVbgQ", "CEfUkE9nqGsJeIpFgAv1yw", "SbzANP6hRVwDU5pbtz5ANw", "J92aUGPKStpBIwx__yncfA", "kCTnDWHBiBktXougIKRMtA", "wkg3vUgiAxtwOXiWHFOQCA", "_oyf2fCQbJs253_hI-U-Gw", "zMHtn2_jhn97rObsQSbfHA", "HW-cL93tvU7qng1sZueKWw", "ZmSKVX7q0GVXxmVFUcqGDQ", "kYi1-z_eErTLozHG9gBYGw", "iF69u0fq8Vc_rTFtHh3HqQ", "WW6vhuwvhJdOMl8mmZVLZg", "kunRgUpv4ze9sC0tvsSgIw", "Khyjmmg6R0MTgt0OiOShvA", "hiKGfyZXis3FBo0dqLIxMQ", "0-c7pC240GjXkcHrtsW8HA", "_A_2A-bjADJTKBoWd_B5qg", "XXxNRoSgV67mY-34p3OphA", "7zpDhrRZRTGCkAh3SHbEww", "qbVAB3Xxxtc_OzsDNCmUBg", "egzSRSAf6OGWswbJUp8P6Q", "liB4lNq88qUDnqHW8ycQCw", "uQgfF-fHN4vhH5sx2W4jaQ", "mfPULXEceEGWXExa5a7p8w", "at-hZgNMf-Ue6T-QeijW7Q", "Ne9N2clHEApQ1FwBy3Co7g", "5SsErHoZbtw14Rj-QwkW6g", "olzm5hG4BBdFLBQJZ16rkQ", "pYsYs7eQ9SWqAaQS0xoRLA", "cLKw6D7Co8Cw48lPfpklkw", "hWBMNp3RrWL4gMvPrXYJeg", "4CJGQajGdc8JwFneADetcQ", "WRVrxPlDOCFsKmzhjdGqxg", "DIhA2hIHQ-XjcSWpJZPedQ", "p-aKSlOjVweONWw0z_RzTg", "BpZ-Apl_2ZodZLgJ7Xupsg", "1pbYXC14aDqnIboVxJB-Zg", "S3DqpJzGe0iZtDVdgrLRlw", "a9_5qS7Oc_XwSnXgrSIw3g", "nxqHFtfqH98fMVtRRuZVFg", "Yy4hT8dCGpYX9WQin3265Q", "zjNibeqSKdLzQCflk0x0Bg", "ChOUT9mxnL-9PUuQ4LWbjw", "QZxMGqfgnPjf1QlwaKJQyg", "pDRb-eS7lcBQ__pJz072Ng", "qqrEek9jLUAic4_aVMiX2g", "pqlRaKvhnyrNoxT8yeadWg", "6SxnRYFR3GUzGREKSttxJg", "Qe_1COeOqBrCQ4IhLw9Glw", "IE8TN0Y4-H4cf9TM2f1oyQ", "vyFYFsQMkHkN3vw5jPuCZw", "GUrPmYze-oF6NFDJusiSNw", "B27Kipx8x-bDLqlxujnJdA", "q2M1kDqxwSlQxKMyPX7Ttw", "s74Gi6-mS5J5WnwGHKORfg", "XpOoH5On-c9jhDrwvZhroA", "GQVV0EcX0LHqob1m6fiOcA", "oC0kwGvgaAeT3ZIxdxTcJA", "53d3SbDGTj3Fxef9z6UOuA", "fk9sG-0ayVV7dGsar3vy0g", "OqOCMRpVNvvdPDMhoG_DCA", "zI0j9SN1aYoQSPOlL4E4rA", "crrp9oqSWsVnDHPKgy_bqw", "tdNV2Wb0LrFpm1Yfov_Klw", "saiZmxzBIowJbMgPBW1Now", "__26EDQ1FacBdY4gChHsuA", "olT2J66OB2HFlRymvqkxZA", "Q8KFcuPwUh2v6BMTyFFyBw", "rNNrzHBwbYkWkJ_pwgYLgA", "UTGqubcmDv1cNe5-k8-OeA", "-FhwEZ0OA4tcVbiGLJkrIg", "Wx3b1lyM_DdT9pBeX7l9cw", "0KZsDw5pGKrYEWGXg9oUsg", "asVOf6vmcEUQGTfcVCPH0Q", "OJ_jNBVcPWblkHRMtG2nRA", "rzmQF6tNYgQPyzx0z0rB3A", "VG-Biz2lPMC7jmq8X7QPSA", "n6Z9mtuKDwKml5ndK1Aa6A", "Y7asuJWgReUnP_Jf-z1wyw", "pnPB-HoJghP4u8kONnb6Gw", "8hDo5sVjjHajaX55uCYuGw", "RDQTELQufNqistMQ0_b-Wg", "0IAOkW3KD1Dsx2hnwb0CSA", "6HBnx7fTfFlpWyez_P55xA", "kl0zgp60RM09pySxA5NubA", "q7Zn9s5wXAjhhSJMf7GiVg", "MDrhzBbuc8Sp3bQDnHsmgg", "87QnaJv4_BaQnCbFrpQSUQ", "er-lmF_PeeOACH-Kkvt9RA", "d1ManxIJLJPJTG-Gxq8BjA", "nie2pRIeoL9l-RlWSImwvw", "Vu9umc6G_l_Evju8Y634EQ", "HJTloHYD4nlWQtG1ZC2_2Q", "WwHSWP-mONhdSdmb8HdRiA", "hqW7CkkSZBaaDpz6J8aCeg", "f5o-nYA9U1LtqPi218zd8g", "n659fbNB5DVE4aS9SOZvFg", "i4SQiNIJglIaL9o0E6xWfQ", "iJvrW5HPprsTlsABAdYeGQ", "hBfIvnw4NEKD_UjDvaO3FQ", "IuT5bPqNiIfNOo9eaAtMHg", "dQhd0Wfn59TYWf2GVukEww", "0ayDG4xA73qh52gnLjh8vg", "VDHUtEnPh54OJiYow91d3A", "cNd1LbH0nzr5L8071P64SA", "GemsQf9wMAodvuNin712Ig", "c2izEHQvCz-bb2sR4fTLEg", "rcygB2rjqUBGa3mP9VxKPg", "swgxrUIPH_TrDj_9-M5aOA", "IWWlum8eVI4gJm4G4sWfVg", "6m_tufCfZrK6MqYmFC69EA", "fwsJGulnozT2U6FefsLiFw", "SzErCvI3GBybMxb3aStUXg", "uaoukpaSPrhaLE9-eLJ-Cw", "gV9OicQkaiGv13ZGIM4KCQ", "71Z2xz-BROqg53rQutXzPw", "psf7Etrt3azIdhMhoPKmpA", "GfA_VaUe9L6hhNe0tQJT3w", "vnIvmST5dscd3lI9m6VmEA", "lqBTJAXpRRxSivpxQMrisA", "yNIwVFE4SiVa_Uw8JBaVVw", "UwOuIB4d0yj3BAbbiay4hA", "BcTUu_Cl6qBm-WIoDs0YAQ", "C7nUczj6n0ouxWqp1I7cNQ", "3I_PiOaf2T9zYjxYbEVyNw", "gbKH4HrMms3kYIAFILuaCQ", "EOffNH1xPOh6WMaPQrVF7Q", "MEaw68R5pfd2O8uNJH2bSw", "h_TlJAgBfSXG4Yw7rkC1Kg", "_wY1dHBXKN4NjB5IsIk4eQ", "frx06WTckgse-CxU4rTmiw", "Milv8k4zZsoCaNFZugKtJw", "4R5lyEICmefgX2v1DnwZXw", "cD5_lX613zUyG13MT_wQnw", "ySUWSm7KGo8WmAQKjoeWKA", "GALRNo-AbcAHxEdmqKl--w", "rVvflbz1venrgM9eVvMyqA", "JJyzSAv6w83XsCAzLivqOQ", "p7PjqH8_0KFe0ZKHOlwz1w", "1eCkN2jhDVWyg51GV85VVA", "CRywkebZtGq0lKcbRlOPqQ", "o60ZwKQErFnYxsmLfxx9YA", "XOe-I25-W_FnbYfQyafylw", "_46Sn7OmqF-odwJgfyPESw", "orZM3LTsFz06fTnTopth_w", "g2JhDtn0eevsIi-cG-P6kg", "t-27_YZKsk9tMbAiwQKCwQ", "slAdwQk0i984K7lxzsWQGw", "6jSwhwLGUH00ZTM7t9tRKA", "FdqLD_AJSGLK9K17i69aoA", "kuP0AMnSGgkLfNSt0wOAgA", "Mx-vxv_V-SQCe76w4RmUfA", "trhLX2fxdqjuv_hCVm4N0A", "BDxgg70iKe10XtmntuAy_A", "fr3HXiNw5JiIIspADCS5gA", "uY1_VT-twvOZeGnAP1rmuQ", "eOBvN22GfIAUETEthSvNVQ", "socNNfwbqsKoTvfSDA7uVw", "6rLeqh49yjCGNfx6IEHV5g", "6xxVdJBdMREj1fCqjm6UtA", "E5J_yW2ZELCkZNO53DjFig", "9cIPBZV3oRhb7Y8UA0agfQ", "xYHgfEVHdQwVUTKrMf2Djg", "m61SjiXAIlOY1qAXOHEk4Q", "f_cU2g8BS4JR440rMNqu9A", "gmImSCRhliREDM-lVUa_Tg", "2QvDseVtdIqAKOLkLV79Rw", "kzlJ6UhBZ2GkE2Yju_GqsQ", "LXg0qZbRViO02GezPRe67Q", "-8gZI-V7Uc-gJq5HnJCTtQ", "CUUpi7gtqx1zojEGJ6Z5ew", "8_CkcAg2UTz1-XZ82Nqnlg", "6NfOfSxsYkWSgYB-oWRoZQ", "Kx-ZOFB7RXtXnYFvIp8yuw", "sUXFTxyhk_bkIivNTvr-DA", "FilxVKMqP20xbGR33G605Q", "_BWhSAjVNmVSNl7pTG4w2g", "uI1HFHjEQrtR_vqMJTXmsQ", "BCU34iLQ9kHqslWU9fFYzA", "IyEdBo884XBPmNLhIp8dig", "qM5w7JwlEQGYlGtrOlEDRQ", "JfHEExxD3iBXK5ZVWcc9SA", "HguQ0Lxxwpx1CWBloDzRIA", "nQoqU488TO48ttXZDrRLsg", "3NEZvGl12UVuJcUzAfhAnw", "cSS0Tk8bMlzhKOoCU6f5xQ", "vDHtHxgzZqL-qebSa53e9A", "HQJmocHzUhcfnfAKKI82qQ", "D4v0v5fHzxYLWaXl8gTHqQ", "AAX8oeoIq2UvMDLghGBclQ", "iUyEyzDJwVzWoGigBW08wQ", "69PyzEbWQ3ru5XFaWgeJfQ", "9tELOBy_iGPNpNjXzkekHw", "PWXJpyVyAKtVehw4suOimg", "MoxaqGOOp8sxdlPZhDgIuw", "rjJJ8QQg-eqb7mgMxArgBA", "7t13t_aKG4TsvpB7iEcS5g", "4BEP7fN-0q5V2ehJr4icKw", "zNSCEO2OyGyK4GEjRYAEeg", "J72hf_DSYNo0IbvgxVCp1w", "B5ey8YBKAH72YBUhb-gOmw", "JRdTRHchEWH_qba8Y8P6cQ", "WNfna4-XsIZbCrpCF0ZfPw", "DpbbbYuSZAWKR34nUF4rAw", "3mIDcuntf3Wo5FGIT08tTA", "vwgH-9cvVlBbRiqSUT_F0g", "7cXSTuZFloM5XzzwgU5iIg", "hgFKaFYMwuqu_nLrNZU3Iw", "C7x0TmKKMF78EvBE1Mk5fg", "NSPP7lHF_jIBt4yf8RyHPA", "VXaihtaovCiCaFMXOtX6ig", "SYoux78T6d-AVxa7FhD9LA", "TUJOavviAU8xh2GCfFowOw", "ZO3hIFgmv_d0yTlRM2nkJg", "vAX5VC7Zdk-BTxRa7CC6OQ", "uPcR2D5dyvLlgvdEMgitUg", "QedcGBl0XAowwq6YNdkenw", "cAPEvlTqoKc7wD970TpRFQ", "HOjF3oKWHQm_JclHLueb0g", "06jGTBWhhDAJ5PXCxIq3rA", "dbmVpLiHkGA4xOrElrAXWQ", "vLKTeWOemUnVz_vY8RwUuQ", "K4s0tlER08NogR0VCMBvGg", "0AXLVN_-etsqOB-9w84Ekw", "79EBPTcnihcuwLhxuXSgCQ", "blimeRPMCJggra7NOCpErA", "I5ab7grI_zRFieGVvDUPEA", "LdEq_hOTltUD_PX_9_qlRg", "5BUY3vy_usul8ijpimTr3Q", "mfIngaq8vE8XmKETBEl2gw", "nVQa8qgHbdosO-ZDY9-d_g", "TNOunjhAbA6YunWKcU8atw", "7mc2IkJR8uM13jGcZJtG6g", "RjlwTa9WssnL6QUUkwQ9Aw", "wD8KueF33en6tp8FMJTzCw", "ImkdMNvaptix18OWrETWlg", "UK1Be04VKd1k2JnScw-_bw", "nJdVeeop7a9KAMHmYFSwTQ", "spJUPXI7QaIctU0FO5c42w", "E_KAdo61uMDvIvqFcOX1Gw", "pJUdG8KPNfZOLdVqiWIpAw", "8DPmPIs99dwjt2MFRzYlfg", "-GInB7h8kCS2bWYsO33wdQ", "i2kyF_-54q_fQC632bH_zQ", "HsSjRBHt-BqUcI_xJSKRSA", "kQKSoGfPKF-VuDmn6Bdr6w", "rosWZLmjXAzxba5V8Z_BWg", "bNDkhTINlrrCQcAuVturHg", "t2CJ8v_BvhxrC291ZWnRSg", "k5p3YP1ZjCa8ZS3xqXgBug", "ylg8C8GDRGpFn9WLQQaxuw", "Bfo9NUm-uYdNzLMyNfy_pA", "wYtCAzpt8fh9Cn2TOEq20A", "666xflKdBcuY4azWp2Eyyw", "VmSu_iyL14MAIUuiuEOz-g", "BKo0QW3LGBzAZug4doJrgA", "OvSCKm8fU52QEfLoY6DUCg", "cUdSHrZ3lG-T2wMJYQAxwQ", "Mu_zyyQ36oEoQg4AT-yFUg", "xuti50cDNGqj4H0soDUrUw", "qd82vxwXxYkNPE6Q5kQ4fg", "CTH3fjJoUMAkJpqXZXvjgw", "640yIMkALhRVE3JYu13OsQ", "YuyvXMvsUpSnpsmNJMQE0g", "PlwlPLVRHSLPt-puZyEvVg", "1eUgY4KDnfEjT1ZZCWvbYA", "o_kXRKrIbIkOW30mvXdVbA", "OM5h7aPuD8umL1c1bi19AQ", "59kUqmk-5HdTCyNuJ0_TMw", "Cux3vP_H9vzeYiCHa2QOrw", "mPN5eLiiF2nNwkDvhTiifg", "bn5w3RtcxznWzy6ZvjdMOg", "uTc1puvwUpFYryEHo4DNaA", "ZW7oLADt3iMhjXloUHJ7mA", "P2ZSzMbyRKfSCxKZHGbNRg", "tlJ_ilTK9kp17fKWh-SstA", "Ds-DFKb1rF9l7aq4OaJUpg", "evMugXYk3xt6BRi8kWUDaw", "QlMcKFHKapThautNiyc8ww", "y_iOYwgsEQ4RYfRQ6tRGwA", "QKo_cDPR9EIb6JNBwg24_g", "qhooXf7Uh8NP3mX6YG3Drw", "uVDiKuubOc7dZZqtSE13Mg", "ODhV53XhesCBLJVfGsJGNA", "ZSmQDCqRzTPdgJHRJ8Xr9g", "V2g6iQCZbN0HdUQXSatyVA", "QIrTZwlEM_lPq0c0l-GPaw", "B6W32wiSP_oGKff4poFb6A", "R2Pegnyj6ZcNb0nVDVGh9A", "SfiNyNLmW7alXejl-m_iYw", "1VsSqGhkvgLeYjyzmsDqfg", "oFOrGSatgz-ezClblFxFFA", "z5EHulCyTTYqHRDWoyrnKw", "x4Nu0ZBNi-uMazc4ElajXQ", "buNjiilt_yKsRacXjYRfkg", "O_OLhbb6pLO38i3xY-OkYw", "Iay4jEsj8GHzf1UA40ailg", "9zZNilcQoiJicpenGM4-Cg", "4wFc5s1BxoC4PjS1tHd6ow", "L0WNAy1pXk2OLAXPHQvjdQ", "1Lu8MAjA8byyrwHQoYpiVQ", "cKXHA34SuratNtgZjNRlrA", "V6qE0iVxNQqN6mhMv3YTSQ", "8q8NzDT6BCwmxyVtsNkKeg", "TE5YmKR9jvPChyMQJVweYA", "YdCDSrftVSfqEu36tHGyGA", "h_Y1LG_rMr0r8k2lIJByEg", "qhx9J_9EyNG9NZtHy-D9yA", "LsRyKYHuTL6Cdr0vn38r9g", "mZvAcJAClbTKSHM1Oc3lvQ", "DXuX2SqbhUxK8tOscsQn3Q", "wgcZ6blNmIpIREuJN1vhXw", "lRfdcptGBxolpkBPlZ358A", "G-FYLsoVhGKunmWgnkVN3Q", "neOOSMNWcVL0o2Xwb0goVg", "8eZq37ubCSU1xDeh76Bjew", "eI8vgvG3OWPdjUxDOe3EHA", "8WtCPSYiz5M0wnW99RwODQ", "kCsawkVOGajlhL9Ct-_rrA", "QS5c0pnSNWbv5D9YtuT2vw", "NgSIyQ_zDL0gSqkgPo3UgQ", "vdc-PFuBeYWC7fFICBbkFQ", "56AjSxUi40JRRcexXJ0Bpg", "I5tOYH0rnjDxW8ieL3TYyw", "pgR0i5Mn8aLOKZPyxbs_Iw", "yLr81jnsx_F-S0AaGiee8g", "4cKYG2JG7J0c1Ws8gIK6xg", "t3rZpAy4CrPi3kuJGfuCTA", "9y1qvCVmwrMwSAEkWdtvVQ", "HWBpLxyzxi5rDHMnevWtiQ", "TQ58d9Xsa7xNL2FMlPjnvg", "mDer46sgzwtL7v400KvKpg", "WjLmM_CXDWyQL0zupOTpGA", "TQ4vRT9ETlxaL2Bvoj0fMg", "9-VfdSCL7EErC9unYLJCTg", "Mmew2rqnwj8FW3qD9wsaQQ", "S4y3RDjjVzmi_7mqQZ4Dnw", "_cBn9j10YFvWxjE_R6oFJg", "92obBfQQ0eBoZBP8flG3aQ", "sK9aNVjPvz9GfN1VplLzSg", "UvUYe122mQGxr8rnIS3aBg", "Ve05sG1S5QLSm5Yuo-96Ew", "hLuKgo7G6us4wNQoFb7N8A", "aaton9Cy93Ae-7Kr-OEr9g", "MxTXa5D5iJkqgnLAAvbZ_Q", "_W4Pgs4js74DZCMQ4d4jLA", "Lw99LHT54yb7ED0qlgujeg", "nwdFZT43maRmRSBSUx2uhQ", "oYTZ2PbYYd2MDbVYUoQpCw", "b6xBiEt5iQ_HZ41Qh_ZNIA", "BysYHCS64v8HkN1ZoF_Xgg", "6IHcb7PC6qiYR9qEsBieVQ", "zQ8aQRdH7dr7p8HsY3T_-Q", "Fvz2ZRfH-y2pPW1d_sE4gw", "EI9nlTh8b-9ndHQjyeec5g", "s_9WyRGdbXRMJkLI-Y7aeA", "sXu52sHiv4jQ2C1oJhttyw", "FUId2sKCoanj_P4JRgQn-Q", "7J89yVG0AZT9RcpQX8qWkg", "l9pTfHpx0_q11YXCZuBFuw", "ZK3PSm_CwSIW3RYMZJ_g6w", "4h9zJu197OrcE0VYjdb13w", "VZjwBS0td4EXCdlPIYxH-A", "VyswGS1cQKYTyFDsbV8HbA", "Xrh9Pkm2GC6cjYbQokYbRw", "ndTSxAa_Guy7Oz_tg3VmQA", "JY8reQW7yrsTTHYsRfnxUg", "4zcd-izbl3MhoEvfn44glg", "1BW2HC851fJKPfJeQxjkTA", "HSKrdp21e5W_uIVcsHQTHw", "ZkuPKOz3tN9iTUZrGzj3nQ", "0uhL2yyl9Voxh5RVGNDrLg", "kZ11FAE4NGbddxOOPeRL5g", "GUfpBrRnAh8Ul5irur0cCw", "M4OitFAzk8YxIZiMaYJXIg", "AkUIAxLN4gkMeI3oWB0UTg", "fGBQXv5-9eRBjwhm_EL2jQ", "qN6SH4CKMG46LNkl8zL8sg", "LIfhgpqQjfK_0mlf3ntoaQ", "yUUnTJ4mGs7CxMIWqUSfog", "ZjyuRD0P3BAD6d3Ic6DVBA", "Gpw49zFTBGuxTG-yE1jEBA", "qZUfgr51Q50N-zjOvwJxng", "5Q4Xz6QEoVGLlEN_STTtHQ", "4rJ8xrKHYcWcRy7ZkCf3UA", "IQ7EcBQlx75M0XANhCA6-w", "SKyMDoDYuPvdy15zOkdeyA", "JF05ffi0qdheB9Ti1kACOg", "tDbK9nLlV79Q36clConqNA", "zfKqcqYtqMxMT2tC0mYvMQ", "WwLVYEkKIRbmHHT5wuahlQ", "GlAL3I-vsN5dbnOP_vQV_g", "Nz_SupgoNfK43xkNeGfTRw", "ECtorD_JuS4ESjGoluNwDA", "J-BW6lVIwooPciDQJ5CJHA", "kdtgI05H9-0w307jOcOW7w", "vtw5K1JbMSxjVXeVFyqkYg", "LdJ2K4WmJ5sz1GStm3CKDg", "fjGY-tlAkyPbIqVWmgBsEw", "NigK_0E2EEIOc0fHUqg4Ww", "xYsj5XMPuoXYRBh4rLu17A", "OWwNgrFIzXnUcqPpTx_53g", "fRnnWwGlKblflhViFlo9tg", "PzegyBGNtGBvQ7UqnCnTVQ", "uBUGZtTxmaG-8YpUWpU5_Q", "-ov-VrEMdb3eGshRIJT9kQ", "H6GPbfIpO8SX9vH58Vxz-w", "LhcGcnw4eHaxzg58y2YYUA", "Kjr5KLIxW2yfF8f2M0kGmg", "AcixIw6WT37HXFW7lVX8DA", "GJrGPKF2xxB06Es6aH1VWg", "9DqKD46AOVvYjvrCc5CSFw", "9a6ncXGd5fFQjp1AU4ZMZA", "DZO_4yihrCGurF6WpmXT2g", "Ive9lKAHasLwRSbgaNyYbw", "jb5xEpkGn0xPwxSWN3muKA", "t4JfgDBGq8vMf7Zr-zlT8Q", "JbAeIYc89Sk8SWmrBCJs9g", "kTZQnCGVij3GXRXjLjCG2A", "V7KQA81CSEiG6mPzpFAUyg", "8jkl7BaL1HfGn3IlCh7Gmg", "YaDoz22xUMKYKgrtK5cZ5Q", "olKIOr2PVh0gLcblu2ZONg", "9-4jeDw4igWrG1iWOiPh0Q", "THHyAvYfPYThuO8RwOzs3A", "I76hF6Aic0jLHgICtgtOdA", "OefKgqhL9fBEbOsCqV233Q", "Ii0iEA0AWRAICTiD10vK1g", "79j2lzGWzFicJCf6StdDyA", "HKTWp-uHABEbNIFK3i4LCw", "h5c9zka_FuMAIpDZ2X2Wew", "1sDu-W8uXNZZLuWGcohy2g", "4_c0srn3Bg9Vo550Aramjg", "7uDWbyElnjUpRQ6DlmvSJg", "I4nywHjDvJUdUhbjq0oSuQ", "aXZnBcwoCeEoqXweUIFVqw", "St8do8a01ud92dTw9vy72g", "bIzXegnjDpfWJazSh6Fu8g", "roBCFK-drnFmItioDojqiw", "BRydUrmdK4pZsbUvZ8tBAw", "t-zC1ZanRiiGiiktNKbgXQ", "L9EcCkhVnKw84l4gtTTjaA", "-UVW9HX36ZcqZcCu2UFwOg", "IepRJi5jPEr4GabJkGEU8g", "FBSXhhd4KFglcIomhDLDzQ", "XpfYKyjdZ9tC7OneVlGdug", "9UYgYHznSXPN1bkCYmGFTA", "BjwXX-sChcjx2E55B_7rXg", "NBkCNJJqREz8Ctj0vYN1jA", "wCRNVjqhMh6Tipwh40T0Ww", "H-BcwZd54EeRqZzfSjfwIA", "bAgO9_hnkDjlFAkUhCSwMQ", "Q5x2O61zqeaQH4EhubcJuQ", "r9VyarzMV7qcdsb_tAI_7g", "TSUG9NK0BmoiMjBfiNRimw", "Hr-klj0xH38hVIU0aKY2rA", "x3GYZy8dMMw4j7eq-JN7Bg", "dinZ3pxeWAG9ouMutcH63g", "RFaRlrLf227R5GS4df2VXw", "zIC0Zy7JFvZ0Pr1es3vOLw", "Mp_S_RldcWEuie-0yL11Kg", "T0_whFrppLFvptd8pPAB_A", "B3-5muBFMf5hwh0D2F8X5A", "BjYuGWXkkDmTHoxB9Q_WSQ", "zTgQjEWRtbtxB-jdB3dL3Q", "dGiNBt4eGGmseoFIF6Shww", "_hKsGBu2WIx5skuGC68JaA", "suRGJir2NmSZVnixdIN22Q", "eMrIIH47w7WEoeyuwFR_6A", "2NvgLXUimn5DUU44jfA-cg", "ZxPgOHvdYSKxuq9r0kwwlg", "oFo8txcQCQ9Mg5hCqwIZrg", "xUPgCWChqq8zWfmjTaEb-Q", "pKh4Pc96YbOg-6hBOOajAA", "qgIFYRQ1sN3i2tN191kGRw", "z2TAiDJWLE_L8pvnCMmVhQ", "wdCqoCboIyPw4paBrYvCSw", "Q2gkzsMGLBdUVHBJ2rwyWw", "jylbQhgsr1Z7tLoJY67Xog", "xa3o8ZWuQVH343TUQBDbpw", "ibrcU_Ww7_lzGW12qxLVng", "gQ3bdxAWUul1tz8z2GAddQ", "uSfbDBoGTQt0S8HDRkcvGg", "_UFwgH0LPqEyqTViomnHcw", "RChwmeJYH9okLdE8uZ52QA", "D2gMA1e8BzBnosJu5-oKpg", "DvpUCL8h6QVU-Cb258cCeQ", "QQacOXfgNDSwTvJyzB1iLA", "b7fm8bJWIPUsoR875_lqzA", "L4fXk9Qi7yCOJr4VUyUS0g", "iw2b-ya2MuS0QZnVq5_axQ", "oQQDVlzd63vjGO9KP7kXkQ", "du7uDASoGk4PAz76i-ip8Q", "dCuFM7M1VRoS3IRWwMPxNg", "U4wiRY7GgB_SqREcXpewoQ", "gqa-qvx4gm1GyfEVcx8wiA", "q2vrMXgRzAHIRntTNuJt9Q", "7GQyyA5bjiktRfziO7R4fA", "9Nvmnx6JkTV8R9N1HW2_Nw", "bhZ13wN_5lQrKX278AP_aw", "EZBbCYUwCYWrdnTWoXVDJA", "M2z5kX2B2p_D-TLfEtqU7g", "YXV2Go6GUQY_XqCnlb3-sA", "NwRnVUP8KmAYrqOOofIhFg", "wYPTmPe95linxD0cV0WaVQ", "icf8Tr75xv-QOnI7wZX9Xw", "2yNUf9cGoQVxejaWPPlSHQ", "65eT6Q722f-XA4muhIriEg", "L9On2AIf0IO5KG5VyPJNpg"], "fans": 372, "average_stars": 4.2599999999999998, "type": "user", "compliments": {"profile": 41, "cute": 114, "funny": 222, "plain": 405, "writer": 230, "list": 20, "note": 164, "photos": 89, "hot": 708, "cool": 554, "more": 54}, "elite": [2006, 2007, 2008, 2009, 2010, 2011, 2012, 2013, 2014, 2015]}